品項,熱量(kcal),蛋白質(g),價格,脂肪(g),飽和脂肪(g),反式脂肪(g),碳水化合物(g),糖(g),鈉(mg),內容物
豆腐便當,545.985,28.68,140,10.489,17,17,87.4055,17,26,"紅蘿蔔,節瓜,木耳,杏鮑菇 ,日式滷豆腐,白蘿蔔,青菜,花椰菜,糖心蛋,五穀飯"
鷹嘴豆便當,592.385,27.26,160,9.009,18,17,104.6055,20,578,"紅蘿蔔,節瓜,木耳,杏鮑菇 ,日式滷豆腐,白蘿蔔,青菜,花椰菜,糖心蛋,五穀飯,鷹嘴豆燉蔬菜"
雞肉便當,604.585,43.16,160,14.289,18,17,77.2055,17,203,"紅蘿蔔,節瓜,木耳,杏鮑菇 ,日式滷豆腐,白蘿蔔,青菜,花椰菜,糖心蛋,五穀飯,仿土雞胸肉"
豬肉便當,597.985,35.52,175,17.169,20,17,77.2055,17,55,"紅蘿蔔,節瓜,木耳,杏鮑菇 ,日式滷豆腐,白蘿蔔,青菜,花椰菜,糖心蛋,五穀飯,黑毛豬大里肌(豬)"
牛肉便當,592.585,33.96,195,17.709,17,17,77.2055,17,60,"紅蘿蔔,節瓜,木耳,杏鮑菇 ,日式滷豆腐,白蘿蔔,青菜,花椰菜,糖心蛋,五穀飯,板腱牛肉(牛)"
番牛便當,608.385,33.96,195,17.209,17,17,83.2055,21,558,"紅蘿蔔,節瓜,木耳,杏鮑菇 ,日式滷豆腐,白蘿蔔,青菜,花椰菜,糖心蛋,五穀飯,番茄燉牛肉(牛)"
鱸魚便當,565.585,36.06,195,13.359,17,17,77.2055,17,64,"紅蘿蔔,節瓜,木耳,杏鮑菇 ,日式滷豆腐,白蘿蔔,青菜,花椰菜,糖心蛋,五穀飯,鱸魚(海鮮)"
鮭魚便當,606.485,32.725,195,19.469,18,17,77.2055,17,58,"紅蘿蔔,節瓜,木耳,杏鮑菇 ,日式滷豆腐,白蘿蔔,青菜,花椰菜,糖心蛋,五穀飯,鮭魚(海鮮)"
豆腐食蔬,475.605,26.729,155,12.242,14,14,66.8395,14,23,"紅蘿蔔,節瓜,木耳,杏鮑菇 ,日式滷豆腐,白蘿蔔,青菜,花椰菜,糖心蛋,地瓜,馬鈴薯泥,南瓜"
鷹嘴豆食蔬,492.605,22.729,175,9.742,15,14,81.4895,16,575,"紅蘿蔔,節瓜,木耳,杏鮑菇 ,鷹嘴豆燉蔬菜,白蘿蔔,青菜,花椰菜,糖心蛋,,地瓜,馬鈴薯泥,南瓜"
雞肉食蔬,504.805,38.629,175,15.022,14,14,54.0895,14,200,"紅蘿蔔,節瓜,木耳,杏鮑菇 ,仿土雞胸肉,白蘿蔔,青菜,花椰菜,糖心蛋,,地瓜,馬鈴薯泥,南瓜"
豬肉食蔬,498.205,30.989,190,17.902,17,14,54.0895,14,51,"紅蘿蔔,節瓜,木耳,杏鮑菇 ,黑毛豬大里肌(豬),白蘿蔔,青菜,花椰菜,糖心蛋,地瓜,馬鈴薯泥,南瓜"
牛肉食蔬,492.805,29.429,210,18.442,14,14,54.0895,14,57,"紅蘿蔔,節瓜,木耳,杏鮑菇 ,板腱牛肉(牛),白蘿蔔,青菜,花椰菜,糖心蛋,地瓜,馬鈴薯泥,南瓜"
番牛食蔬,508.605,29.429,210,17.942,14,14,60.0895,18,555,"紅蘿蔔,節瓜,木耳,杏鮑菇 ,番茄燉牛肉(牛),白蘿蔔,青菜,花椰菜,糖心蛋,地瓜,馬鈴薯泥,南瓜"
鱸魚食蔬,465.805,31.529,210,14.092,14,14,54.0895,14,61,"紅蘿蔔,節瓜,木耳,杏鮑菇 ,鱸魚(海鮮),白蘿蔔,青菜,花椰菜,糖心蛋,地瓜,馬鈴薯泥,南瓜"
鮭魚食蔬,506.705,28.194,210,20.202,15,14,54.0895,14,54,"紅蘿蔔,節瓜,木耳,杏鮑菇 ,鮭魚(海鮮),白蘿蔔,青菜,花椰菜,糖心蛋,地瓜,馬鈴薯泥,南瓜"
豆腐低碳,350.21,28.27,165,12.366,14,14,35.418,14,23,"紅蘿蔔,節瓜,木耳,杏鮑菇 ,日式滷豆腐,白蘿蔔,青菜,花椰菜,糖心蛋,白葉菜"
鷹嘴豆低碳,367.21,24.27,185,9.866,15,14,50.068,17,575,"紅蘿蔔,節瓜,木耳,杏鮑菇 ,鷹嘴豆燉蔬菜,白蘿蔔,青菜,花椰菜,糖心蛋,白葉菜"
雞肉低碳,379.41,40.17,185,15.146,15,14,22.668,14,200,"紅蘿蔔,節瓜,木耳,杏鮑菇 ,仿土雞胸肉,白蘿蔔,青菜,花椰菜,糖心蛋,白葉菜"
豬肉低碳,372.81,32.53,200,18.026,17,14,22.668,14,52,"紅蘿蔔,節瓜,木耳,杏鮑菇 ,黑毛豬大里肌(豬),白蘿蔔,青菜,花椰菜,糖心蛋,白葉菜"
牛肉低碳,367.41,30.97,220,18.566,14,14,22.668,14,57,"紅蘿蔔,節瓜,木耳,杏鮑菇 ,板腱牛肉(牛),白蘿蔔,青菜,花椰菜,糖心蛋,白葉菜"
番牛低碳,383.21,30.97,220,18.066,14,14,28.668,18,555,"紅蘿蔔,節瓜,木耳,杏鮑菇 ,番茄燉牛肉(牛),白蘿蔔,青菜,花椰菜,糖心蛋,白葉菜"
鱸魚低碳,340.41,33.07,220,14.216,14,14,22.668,14,61,"紅蘿蔔,節瓜,木耳,杏鮑菇 ,鱸魚(海鮮),白蘿蔔,青菜,花椰菜,糖心蛋,白葉菜"
鮭魚低碳,381.31,29.735,220,20.326,15,14,22.668,14,55,"紅蘿蔔,節瓜,木耳,杏鮑菇 ,鮭魚(海鮮),白蘿蔔,青菜,花椰菜,糖心蛋,白葉菜"
豆腐沙拉,463.225,22.804,165,18.269,10,10,56.1655,10,19,"紅蘿蔔,節瓜,木耳,杏鮑菇 ,日式滷豆腐,蘿蔓生菜,花椰菜,糖心蛋,葡萄乾,小番茄,堅果,起司,南瓜或地瓜"
鷹嘴豆沙拉,480.225,18.804,185,15.769,11,10,70.8155,13,571,"紅蘿蔔,節瓜,木耳,杏鮑菇 ,鷹嘴豆燉蔬菜,蘿蔓生菜,花椰菜,糖心蛋,葡萄乾,小番茄,堅果,起司,南瓜或地瓜"
雞肉沙拉,492.425,34.704,185,21.049,11,10,43.4155,10,196,"紅蘿蔔,節瓜,木耳,杏鮑菇 ,仿土雞胸肉,蘿蔓生菜,花椰菜,糖心蛋,葡萄乾,小番茄,堅果,起司,南瓜或地瓜"
豬肉沙拉,485.825,27.064,200,23.929,13,10,43.4155,10,48,"紅蘿蔔,節瓜,木耳,杏鮑菇 ,黑毛豬大里肌(豬),蘿蔓生菜,花椰菜,糖心蛋,葡萄乾,小番茄,堅果,起司,南瓜或地瓜"
牛肉沙拉,480.425,25.504,220,24.469,10,10,43.4155,10,53,"紅蘿蔔,節瓜,木耳,杏鮑菇 ,板腱牛肉(牛),蘿蔓生菜,花椰菜,糖心蛋,葡萄乾,小番茄,堅果,起司,南瓜或地瓜"
番牛沙拉,496.225,25.504,220,23.969,10,10,49.4155,14,551,"紅蘿蔔,節瓜,木耳,杏鮑菇 ,番茄燉牛肉(牛),蘿蔓生菜,花椰菜,糖心蛋,葡萄乾,小番茄,堅果,起司,南瓜或地瓜"
鱸魚沙拉,453.425,27.604,220,20.119,10,10,43.4155,10,57,"紅蘿蔔,節瓜,木耳,杏鮑菇 ,鱸魚(海鮮),蘿蔓生菜,花椰菜,糖心蛋,葡萄乾,小番茄,堅果,起司,南瓜或地瓜"
鮭魚沙拉,494.325,24.269,220,26.229,11,10,43.4155,10,51,"紅蘿蔔,節瓜,木耳,杏鮑菇 ,鮭魚(海鮮),蘿蔓生菜,花椰菜,糖心蛋,葡萄乾,小番茄,堅果,起司,南瓜或地瓜"
豆腐番茄麵,586.635,30.428,165,14.946,18,18,82.6525,18,27,"節瓜,杏鮑菇 ,花椰菜,糖心蛋,義大利麵,日式滷豆腐"
鷹嘴豆番茄麵,603.635,26.428,185,12.446,19,18,97.3025,20,579,"節瓜,杏鮑菇 ,花椰菜,糖心蛋,義大利麵,鷹嘴豆燉蔬菜"
雞肉番茄麵,615.835,42.328,185,17.726,18,18,69.9025,18,203,"節瓜,杏鮑菇 ,花椰菜,糖心蛋,義大利麵,仿土雞胸肉"
豬肉番茄麵,609.235,34.688,200,20.606,21,18,69.9025,18,55,"節瓜,杏鮑菇 ,花椰菜,糖心蛋,義大利麵,黑毛豬大里肌(豬)"
牛肉番茄麵,603.835,33.128,220,21.146,18,18,69.9025,18,61,"節瓜,杏鮑菇 ,花椰菜,糖心蛋,義大利麵,板腱牛肉(牛)"
番牛番茄麵,619.635,33.128,220,20.646,18,18,75.9025,22,559,"節瓜,杏鮑菇 ,花椰菜,糖心蛋,義大利麵,番茄燉牛肉(牛)"
鱸魚番茄麵,576.835,35.228,220,16.796,18,18,69.9025,18,65,"節瓜,杏鮑菇 ,花椰菜,糖心蛋,義大利麵,鱸魚(海鮮)"
鮭魚番茄麵,617.735,31.893,220,22.906,19,18,69.9025,18,58,"節瓜,杏鮑菇 ,花椰菜,糖心蛋,義大利麵,鮭魚(海鮮)"
豆腐青蔬麵,548.12,26.876,185,17.157,13,13,72.873,13,22,"節瓜,杏鮑菇 ,花椰菜,紅蘿蔔,義大利麵,小番茄,青菜,日式滷豆腐"
鷹嘴豆青蔬麵,565.12,22.876,205,14.657,14,13,87.523,16,574,"節瓜,杏鮑菇 ,花椰菜,紅蘿蔔,義大利麵,小番茄,青菜,鷹嘴豆燉蔬菜"
雞肉青蔬麵,577.32,38.776,205,19.937,14,13,60.123,13,199,"節瓜,杏鮑菇 ,花椰菜,紅蘿蔔,義大利麵,小番茄,青菜,仿土雞胸肉"
豬肉青蔬麵,570.72,31.136,225,22.817,16,13,60.123,13,51,"節瓜,杏鮑菇 ,花椰菜,紅蘿蔔,義大利麵,小番茄,青菜,黑毛豬大里肌(豬)"
牛肉青蔬麵,565.32,29.576,240,23.357,13,13,60.123,13,56,"節瓜,杏鮑菇 ,花椰菜,紅蘿蔔,義大利麵,小番茄,青菜,板腱牛肉(牛)"
番牛青蔬麵,581.12,29.576,240,22.857,13,13,66.123,17,554,"節瓜,杏鮑菇 ,花椰菜,紅蘿蔔,義大利麵,小番茄,青菜,番茄燉牛肉(牛)"
鱸魚青蔬麵,538.32,31.676,240,19.007,13,13,60.123,13,60,"節瓜,杏鮑菇 ,花椰菜,紅蘿蔔,義大利麵,小番茄,青菜,鱸魚(海鮮)"
鮭魚青蔬麵,579.22,28.341,240,25.117,14,13,60.123,13,54,"節瓜,杏鮑菇 ,花椰菜,紅蘿蔔,義大利麵,小番茄,青菜,鮭魚(海鮮)"
豆腐,58.8,5.16,35,2.04,0,0,5.1,0,9,豆腐
鷹嘴豆,164.0,8.9,55,2.6,1,0,27.4,2,561,鷹嘴豆
雞肉,176.2,24.8,55,7.88,0,0,0.0,0,186,雞肉
豬肉,169.6,17.16,70,10.76,3,0,0.0,0,38,豬肉
牛肉,164.2,15.6,90,11.3,0,0,0.0,0,43,牛肉
番牛,180.0,15.6,90,10.8,0,0,6.0,4,541,番牛
鱸魚,137.2,17.7,90,6.95,0,0,0.0,0,47,鱸魚
鮭魚,178.1,14.365,90,13.06,1,0,0.0,0,40,鮭魚
糖心蛋,75,7,25,0.5,1.6,0,1,0.5,150,糖心蛋
蔬菜盒,45.02,3.827,50,0.478,0.3,0,7.883,0,234,蔬菜盒
雞蛋豆腐,196,18.9,55,9.1,2.8,0,9.7,0.5,294,雞蛋豆腐
洋芋泥,167.1,3.17,50,4.735,0.7,0.8,28.865,0.6,367,洋芋泥
地瓜,145,1.8,50,0.2,0,0,34,2.5,20,地瓜
燕麥豆漿,287,11.3,40,5,0,0,49,0,0,燕麥豆漿
紅豆紫米豆漿,240,16,60,7.5,1,0,27,2.5,50,紅豆紫米豆漿
南瓜豆漿,165,15,60,7.2,1,0,13,4.5,15,南瓜豆漿
冷泡茶,2,0,40,4.8,1,0,153.6,0,9.6,冷泡茶
