c9245b57584df320028c49f5a526f2fafcca46f951e47efb8a04704944d5bfb3	4829	INDEPENDENT-FINAL-REVIEW.md
725e788d7b73a8312f7b9f0bb5b58d904aac7ae321917b7d396741562b5c9e11	2435	OFFLINE-TEST-RESULTS.md
58e47dc24907420ff8599e1f4fea5da20713b3c132e8574a39993cb6404bf8d1	5001	README.md
6790d87d049ec31412b24c2931aff9b074f9d02c31f8fafc891990bb67127002	1519	RECOVERY.md
72a033d091f5bb2457281af5c3c376ad7f1fa0f946ce3c2b7c6bbd5d3c7f2ff9	38408	nanjing_android_printer.py
c4d2a029a92350aba200276d05e5e98d474d514c95acc3940dc0c0d41658a91f	257	nanjing_printer_private.example.json
f92cd776809168ea4c5c07608c503d7aac05af9c0e397a0780e67f326e22c67f	36	requirements-android.txt
9641fa7bdaecda7eea5e7b2e42e73b8fe4fff8eac4fc01ab1d0ebf75be7a4bfa	230	review-results/two-connection-race-probes.log
e582de91e26faac1f4fd24bbdb91bd6287bfcc61d8ef3367e1b562ec94fdac20	5362	review-results/unittest-25.log
66e797b2c1fb12422a85c105bad280fa4619d721fba4683e614cfb402962f446	27002	tests/test_backend_contract_binding.py
